{"eval_loss": 0.3897761404514313, "eval_accuracy": 0.8921967148780823, "eval_runtime": 285.5227, "eval_samples_per_second": 34.47, "eval_steps_per_second": 4.311}