{"eval_loss": 2.5228798389434814, "eval_accuracy": 0.507099986076355, "eval_runtime": 864.5071, "eval_samples_per_second": 34.702, "eval_steps_per_second": 4.338}