{"eval_loss": 0.47534000873565674, "eval_accuracy": 0.8949102759361267, "eval_runtime": 228.8767, "eval_samples_per_second": 35.797, "eval_steps_per_second": 4.478}